"ID","Description","GeneRatio","BgRatio","pvalue","p.adjust","qvalue","geneID","Count"
"GO:0032558","adenyl deoxyribonucleotide binding","47/2320","57/20112",7.24273076045084e-35,3.76621999543444e-32,3.03051102871496e-32,"evm.model.ctg2019.75/evm.model.ctg2120.137/evm.model.ctg2120.39/evm.model.ctg2120.48/evm.model.ctg2120.62/evm.model.ctg2120.64/evm.model.ctg2120.74/evm.model.ctg2245.16/evm.model.ctg2245.23/evm.model.ctg2520.14/evm.model.ctg2679.12/evm.model.ctg2844.6/evm.model.ctg2857.24/evm.model.ctg2857.32/evm.model.ctg3142.23/evm.model.ctg3148.4/evm.model.ctg3161.1/evm.model.ctg3161.10/evm.model.ctg3161.19/evm.model.ctg3169.2/evm.model.ctg3214.2/evm.model.ctg3225.21/evm.model.ctg3287.18/evm.model.ctg3287.24/evm.model.ctg3560.24/evm.model.ctg3560.32/evm.model.ctg3560.41/evm.model.ctg3586.4/evm.model.ctg3587.87/evm.model.ctg3704.10/evm.model.ctg3978.14/evm.model.ctg3978.2/evm.model.ctg3978.20/evm.model.ctg3978.31/evm.model.ctg4129.10/evm.model.ctg4129.12/evm.model.ctg4129.30/evm.model.ctg439.4/evm.model.ctg439.9/evm.model.ctg485.3/evm.model.ctg751.3/evm.model.ctg751.7/evm.model.ctg94.15/evm.model.ctg940.3/evm.model.ctg94.10/evm.model.ctg2857.43/evm.model.ctg4129.6",47
"GO:0032564","dATP binding","47/2320","57/20112",7.24273076045084e-35,3.76621999543444e-32,3.03051102871496e-32,"evm.model.ctg2019.75/evm.model.ctg2120.137/evm.model.ctg2120.39/evm.model.ctg2120.48/evm.model.ctg2120.62/evm.model.ctg2120.64/evm.model.ctg2120.74/evm.model.ctg2245.16/evm.model.ctg2245.23/evm.model.ctg2520.14/evm.model.ctg2679.12/evm.model.ctg2844.6/evm.model.ctg2857.24/evm.model.ctg2857.32/evm.model.ctg3142.23/evm.model.ctg3148.4/evm.model.ctg3161.1/evm.model.ctg3161.10/evm.model.ctg3161.19/evm.model.ctg3169.2/evm.model.ctg3214.2/evm.model.ctg3225.21/evm.model.ctg3287.18/evm.model.ctg3287.24/evm.model.ctg3560.24/evm.model.ctg3560.32/evm.model.ctg3560.41/evm.model.ctg3586.4/evm.model.ctg3587.87/evm.model.ctg3704.10/evm.model.ctg3978.14/evm.model.ctg3978.2/evm.model.ctg3978.20/evm.model.ctg3978.31/evm.model.ctg4129.10/evm.model.ctg4129.12/evm.model.ctg4129.30/evm.model.ctg439.4/evm.model.ctg439.9/evm.model.ctg485.3/evm.model.ctg751.3/evm.model.ctg751.7/evm.model.ctg94.15/evm.model.ctg940.3/evm.model.ctg94.10/evm.model.ctg2857.43/evm.model.ctg4129.6",47
"GO:0016208","AMP binding","47/2320","71/20112",1.71449889321828e-27,5.9435961631567e-25,4.78254954424046e-25,"evm.model.ctg2019.75/evm.model.ctg2120.137/evm.model.ctg2120.39/evm.model.ctg2120.48/evm.model.ctg2120.62/evm.model.ctg2120.64/evm.model.ctg2120.74/evm.model.ctg2245.16/evm.model.ctg2245.23/evm.model.ctg2520.14/evm.model.ctg2679.12/evm.model.ctg2844.6/evm.model.ctg2857.24/evm.model.ctg2857.32/evm.model.ctg3142.23/evm.model.ctg3148.4/evm.model.ctg3161.1/evm.model.ctg3161.10/evm.model.ctg3161.19/evm.model.ctg3169.2/evm.model.ctg3214.2/evm.model.ctg3225.21/evm.model.ctg3287.18/evm.model.ctg3287.24/evm.model.ctg3560.24/evm.model.ctg3560.32/evm.model.ctg3560.41/evm.model.ctg3586.4/evm.model.ctg3587.87/evm.model.ctg3704.10/evm.model.ctg3978.14/evm.model.ctg3978.2/evm.model.ctg3978.20/evm.model.ctg3978.31/evm.model.ctg4129.10/evm.model.ctg4129.12/evm.model.ctg4129.30/evm.model.ctg439.4/evm.model.ctg439.9/evm.model.ctg485.3/evm.model.ctg751.3/evm.model.ctg751.7/evm.model.ctg94.15/evm.model.ctg940.3/evm.model.ctg94.10/evm.model.ctg2857.43/evm.model.ctg4129.6",47
"GO:0032554","purine deoxyribonucleotide binding","47/2320","75/20112",6.36004782973026e-26,1.65361243572987e-23,1.33058895385146e-23,"evm.model.ctg2019.75/evm.model.ctg2120.137/evm.model.ctg2120.39/evm.model.ctg2120.48/evm.model.ctg2120.62/evm.model.ctg2120.64/evm.model.ctg2120.74/evm.model.ctg2245.16/evm.model.ctg2245.23/evm.model.ctg2520.14/evm.model.ctg2679.12/evm.model.ctg2844.6/evm.model.ctg2857.24/evm.model.ctg2857.32/evm.model.ctg3142.23/evm.model.ctg3148.4/evm.model.ctg3161.1/evm.model.ctg3161.10/evm.model.ctg3161.19/evm.model.ctg3169.2/evm.model.ctg3214.2/evm.model.ctg3225.21/evm.model.ctg3287.18/evm.model.ctg3287.24/evm.model.ctg3560.24/evm.model.ctg3560.32/evm.model.ctg3560.41/evm.model.ctg3586.4/evm.model.ctg3587.87/evm.model.ctg3704.10/evm.model.ctg3978.14/evm.model.ctg3978.2/evm.model.ctg3978.20/evm.model.ctg3978.31/evm.model.ctg4129.10/evm.model.ctg4129.12/evm.model.ctg4129.30/evm.model.ctg439.4/evm.model.ctg439.9/evm.model.ctg485.3/evm.model.ctg751.3/evm.model.ctg751.7/evm.model.ctg94.15/evm.model.ctg940.3/evm.model.ctg94.10/evm.model.ctg2857.43/evm.model.ctg4129.6",47
"GO:0032552","deoxyribonucleotide binding","47/2320","76/20112",1.48193884422791e-25,3.08243279599405e-23,2.48029764454987e-23,"evm.model.ctg2019.75/evm.model.ctg2120.137/evm.model.ctg2120.39/evm.model.ctg2120.48/evm.model.ctg2120.62/evm.model.ctg2120.64/evm.model.ctg2120.74/evm.model.ctg2245.16/evm.model.ctg2245.23/evm.model.ctg2520.14/evm.model.ctg2679.12/evm.model.ctg2844.6/evm.model.ctg2857.24/evm.model.ctg2857.32/evm.model.ctg3142.23/evm.model.ctg3148.4/evm.model.ctg3161.1/evm.model.ctg3161.10/evm.model.ctg3161.19/evm.model.ctg3169.2/evm.model.ctg3214.2/evm.model.ctg3225.21/evm.model.ctg3287.18/evm.model.ctg3287.24/evm.model.ctg3560.24/evm.model.ctg3560.32/evm.model.ctg3560.41/evm.model.ctg3586.4/evm.model.ctg3587.87/evm.model.ctg3704.10/evm.model.ctg3978.14/evm.model.ctg3978.2/evm.model.ctg3978.20/evm.model.ctg3978.31/evm.model.ctg4129.10/evm.model.ctg4129.12/evm.model.ctg4129.30/evm.model.ctg439.4/evm.model.ctg439.9/evm.model.ctg485.3/evm.model.ctg751.3/evm.model.ctg751.7/evm.model.ctg94.15/evm.model.ctg940.3/evm.model.ctg94.10/evm.model.ctg2857.43/evm.model.ctg4129.6",47
"GO:0001792","polymeric immunoglobulin receptor activity","20/2320","21/20112",3.02815062902494e-18,5.24879442364324e-16,4.22347324574532e-16,"evm.model.ctg2775.8/evm.model.ctg2775.9/evm.model.ctg2778.4/evm.model.ctg2778.5/evm.model.ctg2778.6/evm.model.ctg2778.9/evm.model.ctg2779.1/evm.model.ctg2779.2/evm.model.ctg2779.5/evm.model.ctg2804.1/evm.model.ctg319.1/evm.model.ctg3684.16/evm.model.ctg3684.18/evm.model.ctg3684.19/evm.model.ctg3684.21/evm.model.ctg3684.22/evm.model.ctg3684.23/evm.model.ctg3684.24/evm.model.ctg3684.25/evm.model.ctg3684.26",20
"GO:0019763","immunoglobulin receptor activity","20/2320","22/20112",2.96789997057551e-17,4.40945138485504e-15,3.54809094226696e-15,"evm.model.ctg2775.8/evm.model.ctg2775.9/evm.model.ctg2778.4/evm.model.ctg2778.5/evm.model.ctg2778.6/evm.model.ctg2778.9/evm.model.ctg2779.1/evm.model.ctg2779.2/evm.model.ctg2779.5/evm.model.ctg2804.1/evm.model.ctg319.1/evm.model.ctg3684.16/evm.model.ctg3684.18/evm.model.ctg3684.19/evm.model.ctg3684.21/evm.model.ctg3684.22/evm.model.ctg3684.23/evm.model.ctg3684.24/evm.model.ctg3684.25/evm.model.ctg3684.26",20
"GO:0033787","cyanocobalamin reductase (cyanide-eliminating) activity","16/2320","16/20112",9.38862110778835e-16,1.22052074401249e-13,9.82099181669965e-14,"evm.model.ctg101.4/evm.model.ctg1858.10/evm.model.ctg2165.11/evm.model.ctg2555.1/evm.model.ctg2956.11/evm.model.ctg2956.5/evm.model.ctg3016.12/evm.model.ctg3060.2/evm.model.ctg3350.5/evm.model.ctg3351.1/evm.model.ctg3351.6/evm.model.ctg3770.1/evm.model.ctg3770.11/evm.model.ctg3770.6/evm.model.ctg380.1/evm.model.ctg3920.2",16
"GO:0043531","ADP binding","48/2320","126/20112",1.08507887213594e-14,1.25386891891264e-12,1.00893298637201e-12,"evm.model.ctg2019.75/evm.model.ctg2120.137/evm.model.ctg2120.39/evm.model.ctg2120.48/evm.model.ctg2120.62/evm.model.ctg2120.64/evm.model.ctg2120.74/evm.model.ctg2245.16/evm.model.ctg2245.23/evm.model.ctg2520.14/evm.model.ctg2679.12/evm.model.ctg2844.6/evm.model.ctg2857.24/evm.model.ctg2857.32/evm.model.ctg3142.23/evm.model.ctg3148.4/evm.model.ctg3161.1/evm.model.ctg3161.10/evm.model.ctg3161.19/evm.model.ctg3169.2/evm.model.ctg3214.2/evm.model.ctg3225.21/evm.model.ctg3287.18/evm.model.ctg3287.24/evm.model.ctg3560.24/evm.model.ctg3560.32/evm.model.ctg3560.41/evm.model.ctg3586.4/evm.model.ctg3587.87/evm.model.ctg3704.10/evm.model.ctg3978.14/evm.model.ctg3978.2/evm.model.ctg3978.20/evm.model.ctg3978.31/evm.model.ctg4129.10/evm.model.ctg4129.12/evm.model.ctg4129.30/evm.model.ctg439.4/evm.model.ctg439.9/evm.model.ctg485.3/evm.model.ctg751.3/evm.model.ctg751.7/evm.model.ctg94.15/evm.model.ctg940.3/evm.model.ctg94.10/evm.model.ctg2857.43/evm.model.ctg4129.6/evm.model.ctg3801.5",48
"GO:0016723","oxidoreductase activity, acting on metal ions, NAD or NADP as acceptor","19/2320","28/20112",3.46597106716936e-12,3.60460990985613e-10,2.9004705246312e-10,"evm.model.ctg101.4/evm.model.ctg1858.10/evm.model.ctg2165.11/evm.model.ctg2555.1/evm.model.ctg2956.11/evm.model.ctg2956.5/evm.model.ctg3016.12/evm.model.ctg3060.2/evm.model.ctg3350.5/evm.model.ctg3351.1/evm.model.ctg3351.6/evm.model.ctg3770.1/evm.model.ctg3770.11/evm.model.ctg3770.6/evm.model.ctg380.1/evm.model.ctg3920.2/evm.model.ctg1078.9/evm.model.ctg3167.6/evm.model.ctg3340.20",19
"GO:0018685","alkane 1-monooxygenase activity","12/2320","12/20112",5.41305902963841e-12,4.69131782568662e-10,3.77489642856363e-10,"evm.model.ctg1147.2/evm.model.ctg2642.51/evm.model.ctg2783.3/evm.model.ctg2828.2/evm.model.ctg3729.2/evm.model.ctg2745.14/evm.model.ctg3187.6/evm.model.ctg3187.8/evm.model.ctg3709.38/evm.model.ctg3799.34/evm.model.ctg2642.52/evm.model.ctg396.1",12
"GO:0050051","leukotriene-B4 20-monooxygenase activity","12/2320","12/20112",5.41305902963841e-12,4.69131782568662e-10,3.77489642856363e-10,"evm.model.ctg1147.2/evm.model.ctg2642.51/evm.model.ctg2783.3/evm.model.ctg2828.2/evm.model.ctg3729.2/evm.model.ctg2745.14/evm.model.ctg3187.6/evm.model.ctg3187.8/evm.model.ctg3709.38/evm.model.ctg3799.34/evm.model.ctg2642.52/evm.model.ctg396.1",12
"GO:0016713","oxidoreductase activity, acting on paired donors, with incorporation or reduction of molecular oxygen, reduced iron-sulfur protein as one donor, and incorporation of one atom of oxygen","12/2320","13/20112",6.29110567940124e-11,5.03288454352100e-09,4.0497400932178e-09,"evm.model.ctg1147.2/evm.model.ctg2642.51/evm.model.ctg2783.3/evm.model.ctg2828.2/evm.model.ctg3729.2/evm.model.ctg2745.14/evm.model.ctg3187.6/evm.model.ctg3187.8/evm.model.ctg3709.38/evm.model.ctg3799.34/evm.model.ctg2642.52/evm.model.ctg396.1",12
"GO:0042826","histone deacetylase binding","67/2320","258/20112",9.17679531356994e-11,6.81704794722338e-09,5.48537764984068e-09,"evm.model.ctg2019.75/evm.model.ctg2120.137/evm.model.ctg2120.34/evm.model.ctg2120.39/evm.model.ctg2120.42/evm.model.ctg2120.48/evm.model.ctg2120.62/evm.model.ctg2120.64/evm.model.ctg2120.74/evm.model.ctg2245.16/evm.model.ctg2245.23/evm.model.ctg2520.14/evm.model.ctg2679.12/evm.model.ctg2844.6/evm.model.ctg2857.24/evm.model.ctg3142.23/evm.model.ctg3148.4/evm.model.ctg3161.1/evm.model.ctg3161.10/evm.model.ctg3161.19/evm.model.ctg3169.2/evm.model.ctg3214.2/evm.model.ctg3225.21/evm.model.ctg3287.18/evm.model.ctg3287.24/evm.model.ctg3560.24/evm.model.ctg3560.32/evm.model.ctg3560.41/evm.model.ctg3586.4/evm.model.ctg3587.87/evm.model.ctg3704.10/evm.model.ctg3978.14/evm.model.ctg3978.2/evm.model.ctg3978.20/evm.model.ctg3978.31/evm.model.ctg4129.10/evm.model.ctg4129.12/evm.model.ctg4129.30/evm.model.ctg439.4/evm.model.ctg439.9/evm.model.ctg485.3/evm.model.ctg751.3/evm.model.ctg751.7/evm.model.ctg94.15/evm.model.ctg940.3/evm.model.ctg2692.11/evm.model.ctg3676.20/evm.model.ctg4045.12/evm.model.ctg4045.14/evm.model.ctg2501.9/evm.model.ctg3607.20/evm.model.ctg265.2/evm.model.ctg3756.7/evm.model.ctg4125.31/evm.model.ctg4125.33/evm.model.ctg2686.350/evm.model.ctg3062.90/evm.model.ctg3409.198/evm.model.ctg94.10/evm.model.ctg2857.43/evm.model.ctg4129.6/evm.model.ctg518.239/evm.model.ctg3365.313/evm.model.ctg2492.6/evm.model.ctg2607.117/evm.model.ctg3715.2/evm.model.ctg739.2",67
"GO:0003883","CTP synthase activity","14/2320","18/20112",1.38824109669073e-10,9.62513827038906e-09,7.74492401311671e-09,"evm.model.ctg2471.1/evm.model.ctg2707.2/evm.model.ctg2789.4/evm.model.ctg2862.7/evm.model.ctg301.5/evm.model.ctg3058.15/evm.model.ctg3401.12/evm.model.ctg3832.8/evm.model.ctg3871.7/evm.model.ctg3935.4/evm.model.ctg4024.32/evm.model.ctg4065.58/evm.model.ctg526.3/evm.model.ctg717.1",14
"GO:0001002","RNA polymerase III type 1 promoter sequence-specific DNA binding","10/2320","10/20112",4.10075461697934e-10,2.50869694215206e-08,2.01863772167094e-08,"evm.model.ctg3203.13/evm.model.ctg3685.61/evm.model.ctg4001.16/evm.model.ctg4001.17/evm.model.ctg4010.11/evm.model.ctg4010.12/evm.model.ctg4010.13/evm.model.ctg4010.14/evm.model.ctg507.4/evm.model.ctg507.5",10
"GO:0001003","RNA polymerase III type 2 promoter sequence-specific DNA binding","10/2320","10/20112",4.10075461697934e-10,2.50869694215206e-08,2.01863772167094e-08,"evm.model.ctg3203.13/evm.model.ctg3685.61/evm.model.ctg4001.16/evm.model.ctg4001.17/evm.model.ctg4010.11/evm.model.ctg4010.12/evm.model.ctg4010.13/evm.model.ctg4010.14/evm.model.ctg507.4/evm.model.ctg507.5",10
"GO:0004974","leukotriene receptor activity","14/2320","20/20112",1.40274666906514e-09,8.10475853237637e-08,6.52154153161864e-08,"evm.model.ctg3276.6/evm.model.ctg3600.39/evm.model.ctg745.7/evm.model.ctg1260.5/evm.model.ctg1260.7/evm.model.ctg3886.4/evm.model.ctg3891.2/evm.model.ctg4116.3/evm.model.ctg2839.16/evm.model.ctg2849.10/evm.model.ctg3560.101/evm.model.ctg3560.103/evm.model.ctg100.3/evm.model.ctg1883.7",14
"GO:0016722","oxidoreductase activity, acting on metal ions","19/2320","36/20112",1.72277759113116e-09,9.1534026603544e-08,7.3653391852042e-08,"evm.model.ctg101.4/evm.model.ctg1858.10/evm.model.ctg2165.11/evm.model.ctg2555.1/evm.model.ctg2956.11/evm.model.ctg2956.5/evm.model.ctg3016.12/evm.model.ctg3060.2/evm.model.ctg3350.5/evm.model.ctg3351.1/evm.model.ctg3351.6/evm.model.ctg3770.1/evm.model.ctg3770.11/evm.model.ctg3770.6/evm.model.ctg380.1/evm.model.ctg3920.2/evm.model.ctg1078.9/evm.model.ctg3167.6/evm.model.ctg3340.20",19
"GO:0050544","arachidonic acid binding","12/2320","15/20112",1.76026974237585e-09,9.1534026603544e-08,7.3653391852042e-08,"evm.model.ctg1147.2/evm.model.ctg2642.51/evm.model.ctg2783.3/evm.model.ctg2828.2/evm.model.ctg3729.2/evm.model.ctg2745.14/evm.model.ctg3187.6/evm.model.ctg3187.8/evm.model.ctg3709.38/evm.model.ctg3799.34/evm.model.ctg2642.52/evm.model.ctg396.1",12
"GO:0008656","cysteine-type endopeptidase activator activity involved in apoptotic process","22/2320","52/20112",1.7934443368579e-08,8.34258860467499e-07,6.71291289546216e-07,"evm.model.ctg1556.77/evm.model.ctg2747.14/evm.model.ctg2771.2/evm.model.ctg2778.10/evm.model.ctg3132.9/evm.model.ctg3685.44/evm.model.ctg3702.15/evm.model.ctg3774.2/evm.model.ctg4000.17/evm.model.ctg4001.22/evm.model.ctg4001.28/evm.model.ctg4004.5/evm.model.ctg4010.22/evm.model.ctg4010.24/evm.model.ctg78.3/evm.model.ctg3117.1/evm.model.ctg3018.78/evm.model.ctg3195.40/evm.model.ctg3324.600/evm.model.ctg3669.17/evm.model.ctg2992.31/evm.model.ctg3099.38",22
"GO:0050542","icosanoid binding","12/2320","17/20112",1.91444334995503e-08,8.34258860467499e-07,6.71291289546216e-07,"evm.model.ctg1147.2/evm.model.ctg2642.51/evm.model.ctg2783.3/evm.model.ctg2828.2/evm.model.ctg3729.2/evm.model.ctg2745.14/evm.model.ctg3187.6/evm.model.ctg3187.8/evm.model.ctg3709.38/evm.model.ctg3799.34/evm.model.ctg2642.52/evm.model.ctg396.1",12
"GO:0050543","icosatetraenoic acid binding","12/2320","17/20112",1.91444334995503e-08,8.34258860467499e-07,6.71291289546216e-07,"evm.model.ctg1147.2/evm.model.ctg2642.51/evm.model.ctg2783.3/evm.model.ctg2828.2/evm.model.ctg3729.2/evm.model.ctg2745.14/evm.model.ctg3187.6/evm.model.ctg3187.8/evm.model.ctg3709.38/evm.model.ctg3799.34/evm.model.ctg2642.52/evm.model.ctg396.1",12
"GO:0031490","chromatin DNA binding","68/2320","297/20112",1.925212754925e-08,8.34258860467499e-07,6.71291289546216e-07,"evm.model.ctg2019.75/evm.model.ctg2120.137/evm.model.ctg2120.34/evm.model.ctg2120.39/evm.model.ctg2120.42/evm.model.ctg2120.48/evm.model.ctg2120.62/evm.model.ctg2120.64/evm.model.ctg2120.74/evm.model.ctg2245.16/evm.model.ctg2245.23/evm.model.ctg2520.14/evm.model.ctg2679.12/evm.model.ctg2844.6/evm.model.ctg2857.24/evm.model.ctg2857.32/evm.model.ctg3142.23/evm.model.ctg3148.4/evm.model.ctg3161.1/evm.model.ctg3161.10/evm.model.ctg3161.19/evm.model.ctg3169.2/evm.model.ctg3214.2/evm.model.ctg3225.21/evm.model.ctg3287.18/evm.model.ctg3287.24/evm.model.ctg3560.24/evm.model.ctg3560.32/evm.model.ctg3560.41/evm.model.ctg3586.4/evm.model.ctg3587.87/evm.model.ctg3704.10/evm.model.ctg3978.14/evm.model.ctg3978.2/evm.model.ctg3978.20/evm.model.ctg3978.31/evm.model.ctg4129.10/evm.model.ctg4129.12/evm.model.ctg4129.30/evm.model.ctg439.4/evm.model.ctg439.9/evm.model.ctg485.3/evm.model.ctg751.3/evm.model.ctg751.7/evm.model.ctg94.15/evm.model.ctg940.3/evm.model.ctg3787.21/evm.model.ctg3948.51/evm.model.ctg1142.2/evm.model.ctg2721.8/evm.model.ctg3489.16/evm.model.ctg2475.52/evm.model.ctg2773.21/evm.model.ctg4021.45/evm.model.ctg3170.17/evm.model.ctg4028.19/evm.model.ctg2489.12/evm.model.ctg3848.4/evm.model.ctg2679.25/evm.model.ctg3587.95/evm.model.ctg3568.15/evm.model.ctg3603.29/evm.model.ctg94.10/evm.model.ctg2857.43/evm.model.ctg3978.27/evm.model.ctg4129.6/evm.model.ctg3715.2/evm.model.ctg3560.38",68
"GO:0000182","rDNA binding","14/2320","23/20112",2.10815671475804e-08,8.76993193339346e-07,7.05677721361114e-07,"evm.model.ctg3203.13/evm.model.ctg3685.61/evm.model.ctg4001.16/evm.model.ctg4001.17/evm.model.ctg4010.11/evm.model.ctg4010.12/evm.model.ctg4010.13/evm.model.ctg4010.14/evm.model.ctg507.4/evm.model.ctg507.5/evm.model.ctg2475.52/evm.model.ctg2773.21/evm.model.ctg4021.45/evm.model.ctg2492.6",14
"GO:0004482","mRNA (guanine-N7-)-methyltransferase activity","9/2320","10/20112",3.19810949966596e-08,1.27924379986638e-06,1.02935103329329e-06,"evm.model.ctg1126.12/evm.model.ctg252.2/evm.model.ctg2556.1/evm.model.ctg3513.10/evm.model.ctg4010.19/evm.model.ctg2748.353/evm.model.ctg2748.354/evm.model.ctg36.4/evm.model.ctg4133.11",9
"GO:0016504","peptidase activator activity","32/2320","101/20112",5.31846844422955e-08,2.04859525259212e-06,1.64841419616472e-06,"evm.model.ctg1556.77/evm.model.ctg2747.14/evm.model.ctg2771.2/evm.model.ctg2778.10/evm.model.ctg3132.9/evm.model.ctg3685.44/evm.model.ctg3702.15/evm.model.ctg3774.2/evm.model.ctg4000.17/evm.model.ctg4001.22/evm.model.ctg4001.28/evm.model.ctg4004.5/evm.model.ctg4010.22/evm.model.ctg4010.24/evm.model.ctg78.3/evm.model.ctg3117.1/evm.model.ctg2786.3/evm.model.ctg2792.12/evm.model.ctg2792.13/evm.model.ctg3035.19/evm.model.ctg3591.31/evm.model.ctg3742.6/evm.model.ctg3743.1/evm.model.ctg3018.78/evm.model.ctg3195.40/evm.model.ctg3324.600/evm.model.ctg3669.17/evm.model.ctg2741.3/evm.model.ctg3526.6/evm.model.ctg3637.10/evm.model.ctg2992.31/evm.model.ctg3099.38",32
"GO:0032451","demethylase activity","28/2320","82/20112",5.95997405140281e-08,2.19012383553956e-06,1.76229600126918e-06,"evm.model.ctg2747.3/evm.model.ctg2747.4/evm.model.ctg3686.2/evm.model.ctg3686.3/evm.model.ctg4001.18/evm.model.ctg4001.19/evm.model.ctg4010.16/evm.model.ctg4010.17/evm.model.ctg101.4/evm.model.ctg1858.10/evm.model.ctg2165.11/evm.model.ctg2555.1/evm.model.ctg2956.11/evm.model.ctg2956.5/evm.model.ctg3016.12/evm.model.ctg3060.2/evm.model.ctg3350.5/evm.model.ctg3351.1/evm.model.ctg3351.6/evm.model.ctg3770.1/evm.model.ctg3770.11/evm.model.ctg3770.6/evm.model.ctg380.1/evm.model.ctg3920.2/evm.model.ctg1345.27/evm.model.ctg3012.22/evm.model.ctg3932.7/evm.model.ctg3430.13",28
"GO:0016505","peptidase activator activity involved in apoptotic process","22/2320","55/20112",6.10707607986992e-08,2.19012383553956e-06,1.76229600126918e-06,"evm.model.ctg1556.77/evm.model.ctg2747.14/evm.model.ctg2771.2/evm.model.ctg2778.10/evm.model.ctg3132.9/evm.model.ctg3685.44/evm.model.ctg3702.15/evm.model.ctg3774.2/evm.model.ctg4000.17/evm.model.ctg4001.22/evm.model.ctg4001.28/evm.model.ctg4004.5/evm.model.ctg4010.22/evm.model.ctg4010.24/evm.model.ctg78.3/evm.model.ctg3117.1/evm.model.ctg3018.78/evm.model.ctg3195.40/evm.model.ctg3324.600/evm.model.ctg3669.17/evm.model.ctg2992.31/evm.model.ctg3099.38",22
"GO:0080084","5S rDNA binding","10/2320","13/20112",8.42589347116412e-08,2.92097640333689e-06,2.35038081037736e-06,"evm.model.ctg3203.13/evm.model.ctg3685.61/evm.model.ctg4001.16/evm.model.ctg4001.17/evm.model.ctg4010.11/evm.model.ctg4010.12/evm.model.ctg4010.13/evm.model.ctg4010.14/evm.model.ctg507.4/evm.model.ctg507.5",10
"GO:0036041","long-chain fatty acid binding","16/2320","32/20112",9.13309394599317e-08,3.06400571091384e-06,2.46547018236488e-06,"evm.model.ctg1147.2/evm.model.ctg2642.51/evm.model.ctg2783.3/evm.model.ctg2828.2/evm.model.ctg3729.2/evm.model.ctg1924.1/evm.model.ctg2748.104/evm.model.ctg3455.41/evm.model.ctg457.13/evm.model.ctg2745.14/evm.model.ctg3187.6/evm.model.ctg3187.8/evm.model.ctg3709.38/evm.model.ctg3799.34/evm.model.ctg2642.52/evm.model.ctg396.1",16
"GO:0004920","interleukin-10 receptor activity","11/2320","16/20112",1.18118108057279e-07,3.81454501153363e-06,3.06939603660854e-06,"evm.model.ctg2972.34/evm.model.ctg2972.35/evm.model.ctg2978.11/evm.model.ctg2990.12/evm.model.ctg2990.13/evm.model.ctg2990.14/evm.model.ctg3913.7/evm.model.ctg3913.8/evm.model.ctg3913.9/evm.model.ctg737.1/evm.model.ctg737.2",11
"GO:0016879","ligase activity, forming carbon-nitrogen bonds","26/2320","75/20112",1.24059692290944e-07,3.81454501153363e-06,3.06939603660854e-06,"evm.model.ctg2471.1/evm.model.ctg2707.2/evm.model.ctg2789.4/evm.model.ctg2862.7/evm.model.ctg301.5/evm.model.ctg3058.15/evm.model.ctg3401.12/evm.model.ctg3832.8/evm.model.ctg3871.7/evm.model.ctg3935.4/evm.model.ctg4024.32/evm.model.ctg4065.58/evm.model.ctg526.3/evm.model.ctg717.1/evm.model.ctg2453.2/evm.model.ctg2993.36/evm.model.ctg3219.3/evm.model.ctg3401.69/evm.model.ctg2503.8/evm.model.ctg2748.271/evm.model.ctg3479.20/evm.model.ctg2620.18/evm.model.ctg3636.18/evm.model.ctg3953.26/evm.model.ctg2683.102/evm.model.ctg3360.16",26
"GO:0035174","histone serine kinase activity","12/2320","19/20112",1.24706279223215e-07,3.81454501153363e-06,3.06939603660854e-06,"evm.model.ctg1633.11/evm.model.ctg1868.1/evm.model.ctg3202.9/evm.model.ctg3462.26/evm.model.ctg3462.28/evm.model.ctg3932.3/evm.model.ctg4008.3/evm.model.ctg3998.40/evm.model.ctg3872.4/evm.model.ctg2847.1/evm.model.ctg3299.4/evm.model.ctg3640.25",12
"GO:0035325","Toll-like receptor binding","11/2320","17/20112",2.99569844746447e-07,8.90150395818015e-06,7.16264741574213e-06,"evm.model.ctg2564.63/evm.model.ctg2564.64/evm.model.ctg2564.65/evm.model.ctg2564.66/evm.model.ctg3505.5/evm.model.ctg3690.2/evm.model.ctg98.33/evm.model.ctg2740.8/evm.model.ctg3409.10/evm.model.ctg2710.10/evm.model.ctg3606.24",11
"GO:0016614","oxidoreductase activity, acting on CH-OH group of donors","48/2320","197/20112",3.30288811255258e-07,9.54167676959633e-06,7.67776622654765e-06,"evm.model.ctg3627.40/evm.model.ctg1147.2/evm.model.ctg2642.51/evm.model.ctg2783.3/evm.model.ctg2828.2/evm.model.ctg3729.2/evm.model.ctg1633.5/evm.model.ctg3202.15/evm.model.ctg3202.16/evm.model.ctg4008.7/evm.model.ctg3631.92/evm.model.ctg2769.4/evm.model.ctg3369.3/evm.model.ctg3496.1/evm.model.ctg650.3/evm.model.ctg800.498/evm.model.ctg2943.19/evm.model.ctg3709.35/evm.model.ctg4059.2/evm.model.ctg4059.4/evm.model.ctg643.14/evm.model.ctg2645.4/evm.model.ctg2645.5/evm.model.ctg3266.2/evm.model.ctg3462.6/evm.model.ctg1122.105/evm.model.ctg3662.16/evm.model.ctg2554.5/evm.model.ctg3732.2/evm.model.ctg2493.244/evm.model.ctg3105.23/evm.model.ctg2788.52/evm.model.ctg3588.42/evm.model.ctg2745.14/evm.model.ctg3187.6/evm.model.ctg3187.8/evm.model.ctg3709.38/evm.model.ctg3799.34/evm.model.ctg3181.14/evm.model.ctg441.13/evm.model.ctg3181.15/evm.model.ctg441.14/evm.model.ctg1556.119/evm.model.ctg2642.52/evm.model.ctg396.1/evm.model.ctg3839.3/evm.model.ctg800.499/evm.model.ctg3324.272",48
"GO:0043295","glutathione binding","16/2320","35/20112",4.390908877071e-07,1.20172242951417e-05,9.66973007554417e-06,"evm.model.ctg101.4/evm.model.ctg1858.10/evm.model.ctg2165.11/evm.model.ctg2555.1/evm.model.ctg2956.11/evm.model.ctg2956.5/evm.model.ctg3016.12/evm.model.ctg3060.2/evm.model.ctg3350.5/evm.model.ctg3351.1/evm.model.ctg3351.6/evm.model.ctg3770.1/evm.model.ctg3770.11/evm.model.ctg3770.6/evm.model.ctg380.1/evm.model.ctg3920.2",16
"GO:1900750","oligopeptide binding","16/2320","35/20112",4.390908877071e-07,1.20172242951417e-05,9.66973007554417e-06,"evm.model.ctg101.4/evm.model.ctg1858.10/evm.model.ctg2165.11/evm.model.ctg2555.1/evm.model.ctg2956.11/evm.model.ctg2956.5/evm.model.ctg3016.12/evm.model.ctg3060.2/evm.model.ctg3350.5/evm.model.ctg3351.1/evm.model.ctg3351.6/evm.model.ctg3770.1/evm.model.ctg3770.11/evm.model.ctg3770.6/evm.model.ctg380.1/evm.model.ctg3920.2",16
"GO:0070576","vitamin D 24-hydroxylase activity","8/2320","10/20112",1.12521640574894e-06,3.00057708199716e-05,2.41443196375278e-05,"evm.model.ctg2747.3/evm.model.ctg2747.4/evm.model.ctg3686.2/evm.model.ctg3686.3/evm.model.ctg4001.18/evm.model.ctg4001.19/evm.model.ctg4010.16/evm.model.ctg4010.17",8
"GO:0008513","secondary active organic cation transmembrane transporter activity","9/2320","13/20112",1.64909736045354e-06,4.28765313717921e-05,3.45008526726465e-05,"evm.model.ctg2475.75/evm.model.ctg269.2/evm.model.ctg2782.12/evm.model.ctg2782.3/evm.model.ctg2790.5/evm.model.ctg3224.13/evm.model.ctg3951.20/evm.model.ctg4021.12/evm.model.ctg4021.18",9
"GO:0140375","immune receptor activity","49/2320","214/20112",1.76952194627929e-06,4.48854347348894e-05,3.61173285569201e-05,"evm.model.ctg2775.8/evm.model.ctg2775.9/evm.model.ctg2778.4/evm.model.ctg2778.5/evm.model.ctg2778.6/evm.model.ctg2778.9/evm.model.ctg2779.1/evm.model.ctg2779.2/evm.model.ctg2779.5/evm.model.ctg2804.1/evm.model.ctg319.1/evm.model.ctg3684.16/evm.model.ctg3684.18/evm.model.ctg3684.19/evm.model.ctg3684.21/evm.model.ctg3684.22/evm.model.ctg3684.23/evm.model.ctg3684.24/evm.model.ctg3684.25/evm.model.ctg3684.26/evm.model.ctg2972.34/evm.model.ctg2972.35/evm.model.ctg2978.11/evm.model.ctg2990.12/evm.model.ctg2990.13/evm.model.ctg2990.14/evm.model.ctg3913.7/evm.model.ctg3913.8/evm.model.ctg3913.9/evm.model.ctg737.1/evm.model.ctg737.2/evm.model.ctg1757.112/evm.model.ctg23.2/evm.model.ctg2635.11/evm.model.ctg3000.5/evm.model.ctg3563.2/evm.model.ctg1858.2/evm.model.ctg3016.1/evm.model.ctg3770.21/evm.model.ctg3920.8/evm.model.ctg1169.2/evm.model.ctg3527.43/evm.model.ctg3246.3/evm.model.ctg800.486/evm.model.ctg2978.6/evm.model.ctg2990.19/evm.model.ctg3913.3/evm.model.ctg2583.57/evm.model.ctg2583.58",49
"GO:0008173","RNA methyltransferase activity","24/2320","75/20112",1.96077309535886e-06,4.85524766469813e-05,3.9068035358654e-05,"evm.model.ctg1126.12/evm.model.ctg252.2/evm.model.ctg2556.1/evm.model.ctg3513.10/evm.model.ctg4010.19/evm.model.ctg1245.68/evm.model.ctg1245.69/evm.model.ctg1245.70/evm.model.ctg1245.71/evm.model.ctg236.86/evm.model.ctg2748.213/evm.model.ctg766.1/evm.model.ctg766.2/evm.model.ctg935.5/evm.model.ctg935.6/evm.model.ctg2748.353/evm.model.ctg2748.354/evm.model.ctg36.4/evm.model.ctg4133.11/evm.model.ctg2620.61/evm.model.ctg42.7/evm.model.ctg3086.7/evm.model.ctg757.27/evm.model.ctg95.1",24
"GO:0004865","protein serine/threonine phosphatase inhibitor activity","8/2320","11/20112",3.70521258235266e-06,8.96144438522503e-05,7.21087883224079e-05,"evm.model.ctg2828.11/evm.model.ctg3128.17/evm.model.ctg3798.12/evm.model.ctg396.9/evm.model.ctg3982.15/evm.model.ctg134.3/evm.model.ctg2866.52/evm.model.ctg509.1",8
"GO:0008391","arachidonic acid monooxygenase activity","13/2320","28/20112",4.32457578063908e-06,9.99457513747699e-05,8.04219355697794e-05,"evm.model.ctg1147.2/evm.model.ctg2642.51/evm.model.ctg2783.3/evm.model.ctg2828.2/evm.model.ctg3729.2/evm.model.ctg2745.14/evm.model.ctg3187.6/evm.model.ctg3187.8/evm.model.ctg3709.38/evm.model.ctg3799.34/evm.model.ctg2642.52/evm.model.ctg396.1/evm.model.ctg2606.58",13
"GO:0008392","arachidonic acid epoxygenase activity","13/2320","28/20112",4.32457578063908e-06,9.99457513747699e-05,8.04219355697794e-05,"evm.model.ctg1147.2/evm.model.ctg2642.51/evm.model.ctg2783.3/evm.model.ctg2828.2/evm.model.ctg3729.2/evm.model.ctg2745.14/evm.model.ctg3187.6/evm.model.ctg3187.8/evm.model.ctg3709.38/evm.model.ctg3799.34/evm.model.ctg2642.52/evm.model.ctg396.1/evm.model.ctg2606.58",13
"GO:0003755","peptidyl-prolyl cis-trans isomerase activity","16/2320","41/20112",5.65702810169427e-06,0.000127898026647001,0.000102913897959884,"evm.model.ctg1177.10/evm.model.ctg2718.3/evm.model.ctg3147.5/evm.model.ctg3449.88/evm.model.ctg3512.1/evm.model.ctg3632.2/evm.model.ctg3948.4/evm.model.ctg2576.5/evm.model.ctg2956.17/evm.model.ctg3060.7/evm.model.ctg3350.12/evm.model.ctg3785.2/evm.model.ctg2340.82/evm.model.ctg2675.5/evm.model.ctg397.498/evm.model.ctg397.500",16
"GO:0043028","cysteine-type endopeptidase regulator activity involved in apoptotic process","32/2320","124/20112",8.11253546383845e-06,0.000179511423029617,0.000144444920352779,"evm.model.ctg1556.77/evm.model.ctg2747.14/evm.model.ctg2771.2/evm.model.ctg2778.10/evm.model.ctg3132.9/evm.model.ctg3685.44/evm.model.ctg3702.15/evm.model.ctg3774.2/evm.model.ctg4000.17/evm.model.ctg4001.22/evm.model.ctg4001.28/evm.model.ctg4004.5/evm.model.ctg4010.22/evm.model.ctg4010.24/evm.model.ctg78.3/evm.model.ctg3117.1/evm.model.ctg3018.78/evm.model.ctg3195.40/evm.model.ctg3324.600/evm.model.ctg3669.17/evm.model.ctg3560.55/evm.model.ctg4020.2/evm.model.ctg3140.11/evm.model.ctg3735.23/evm.model.ctg2168.5/evm.model.ctg3572.2/evm.model.ctg396.30/evm.model.ctg2992.31/evm.model.ctg3099.38/evm.model.ctg2340.21/evm.model.ctg629.37/evm.model.ctg423.33",32
"GO:0015226","carnitine transmembrane transporter activity","9/2320","15/20112",9.28973490425935e-06,0.000201277589592286,0.000161959194054521,"evm.model.ctg2475.75/evm.model.ctg269.2/evm.model.ctg2782.12/evm.model.ctg2782.3/evm.model.ctg2790.5/evm.model.ctg3224.13/evm.model.ctg3951.20/evm.model.ctg4021.12/evm.model.ctg4021.18",9
"GO:0001016","RNA polymerase III transcription regulatory region sequence-specific DNA binding","12/2320","26/20112",1.09744435314058e-05,0.000232926964748205,0.000187426049569659,"evm.model.ctg3203.13/evm.model.ctg3685.61/evm.model.ctg4001.16/evm.model.ctg4001.17/evm.model.ctg4010.11/evm.model.ctg4010.12/evm.model.ctg4010.13/evm.model.ctg4010.14/evm.model.ctg507.4/evm.model.ctg507.5/evm.model.ctg2583.6/evm.model.ctg3377.9",12
"GO:0005525","GTP binding","80/2320","432/20112",1.17812235333702e-05,0.000245049449494099,0.000197180478084827,"evm.model.ctg2019.75/evm.model.ctg2120.137/evm.model.ctg2120.39/evm.model.ctg2120.48/evm.model.ctg2120.62/evm.model.ctg2120.64/evm.model.ctg2120.74/evm.model.ctg2245.16/evm.model.ctg2245.23/evm.model.ctg2520.14/evm.model.ctg2679.12/evm.model.ctg2844.6/evm.model.ctg2857.24/evm.model.ctg2857.32/evm.model.ctg3142.23/evm.model.ctg3148.4/evm.model.ctg3161.1/evm.model.ctg3161.10/evm.model.ctg3161.19/evm.model.ctg3169.2/evm.model.ctg3214.2/evm.model.ctg3225.21/evm.model.ctg3287.18/evm.model.ctg3287.24/evm.model.ctg3560.24/evm.model.ctg3560.32/evm.model.ctg3560.41/evm.model.ctg3586.4/evm.model.ctg3587.87/evm.model.ctg3704.10/evm.model.ctg3978.14/evm.model.ctg3978.2/evm.model.ctg3978.20/evm.model.ctg3978.31/evm.model.ctg4129.10/evm.model.ctg4129.12/evm.model.ctg4129.30/evm.model.ctg439.4/evm.model.ctg439.9/evm.model.ctg485.3/evm.model.ctg751.3/evm.model.ctg751.7/evm.model.ctg94.15/evm.model.ctg940.3/evm.model.ctg2487.9/evm.model.ctg2704.27/evm.model.ctg3071.10/evm.model.ctg348.3/evm.model.ctg3650.89/evm.model.ctg3656.3/evm.model.ctg3928.70/evm.model.ctg1633.5/evm.model.ctg3202.15/evm.model.ctg3202.16/evm.model.ctg4008.7/evm.model.ctg3638.53/evm.model.ctg2723.7/evm.model.ctg2976.22/evm.model.ctg801.2/evm.model.ctg1453.5/evm.model.ctg2970.11/evm.model.ctg3886.55/evm.model.ctg3891.56/evm.model.ctg2583.21/evm.model.ctg3082.1/evm.model.ctg2475.70/evm.model.ctg2790.14/evm.model.ctg4021.23/evm.model.ctg2824.20/evm.model.ctg819.1/evm.model.ctg2847.26/evm.model.ctg2852.5/evm.model.ctg2916.19/evm.model.ctg3577.4/evm.model.ctg3883.2/evm.model.ctg94.10/evm.model.ctg2857.43/evm.model.ctg4129.6/evm.model.ctg3280.535/evm.model.ctg3459.9",80
"GO:1901567","fatty acid derivative binding","17/2320","48/20112",1.33879461123435e-05,0.000273009097192888,0.000219678372741241,"evm.model.ctg1147.2/evm.model.ctg2642.51/evm.model.ctg2783.3/evm.model.ctg2828.2/evm.model.ctg3729.2/evm.model.ctg2272.11/evm.model.ctg2868.14/evm.model.ctg2868.18/evm.model.ctg3500.10/evm.model.ctg3500.6/evm.model.ctg2745.14/evm.model.ctg3187.6/evm.model.ctg3187.8/evm.model.ctg3709.38/evm.model.ctg3799.34/evm.model.ctg2642.52/evm.model.ctg396.1",17
"GO:0016667","oxidoreductase activity, acting on a sulfur group of donors","22/2320","73/20112",1.5285521283849e-05,0.000305710425676981,0.000245991688677328,"evm.model.ctg2738.3/evm.model.ctg3184.12/evm.model.ctg3572.9/evm.model.ctg3647.4/evm.model.ctg902.27/evm.model.ctg1633.5/evm.model.ctg3202.15/evm.model.ctg3202.16/evm.model.ctg4008.7/evm.model.ctg3560.55/evm.model.ctg4020.2/evm.model.ctg2518.3/evm.model.ctg2532.7/evm.model.ctg2949.58/evm.model.ctg2562.33/evm.model.ctg3449.67/evm.model.ctg3512.21/evm.model.ctg2583.72/evm.model.ctg3878.149/evm.model.ctg1918.177/evm.model.ctg1918.178/evm.model.ctg2571.137",22
"GO:0004953","icosanoid receptor activity","16/2320","44/20112",1.6305025789328e-05,0.000314022718905577,0.00025268022422058,"evm.model.ctg3276.6/evm.model.ctg3600.39/evm.model.ctg745.7/evm.model.ctg1260.5/evm.model.ctg1260.7/evm.model.ctg3886.4/evm.model.ctg3891.2/evm.model.ctg4116.3/evm.model.ctg2839.16/evm.model.ctg2849.10/evm.model.ctg3560.101/evm.model.ctg3560.103/evm.model.ctg3527.54/evm.model.ctg3812.42/evm.model.ctg100.3/evm.model.ctg1883.7",16
"GO:0071949","FAD binding","16/2320","44/20112",1.6305025789328e-05,0.000314022718905577,0.00025268022422058,"evm.model.ctg101.4/evm.model.ctg1858.10/evm.model.ctg2165.11/evm.model.ctg2555.1/evm.model.ctg2956.11/evm.model.ctg2956.5/evm.model.ctg3016.12/evm.model.ctg3060.2/evm.model.ctg3350.5/evm.model.ctg3351.1/evm.model.ctg3351.6/evm.model.ctg3770.1/evm.model.ctg3770.11/evm.model.ctg3770.6/evm.model.ctg380.1/evm.model.ctg3920.2",16
"GO:0032550","purine ribonucleoside binding","82/2320","450/20112",1.70153862800514e-05,0.000321745486022789,0.000258894394117528,"evm.model.ctg2019.75/evm.model.ctg2120.137/evm.model.ctg2120.39/evm.model.ctg2120.48/evm.model.ctg2120.62/evm.model.ctg2120.64/evm.model.ctg2120.74/evm.model.ctg2245.16/evm.model.ctg2245.23/evm.model.ctg2520.14/evm.model.ctg2679.12/evm.model.ctg2844.6/evm.model.ctg2857.24/evm.model.ctg2857.32/evm.model.ctg3142.23/evm.model.ctg3148.4/evm.model.ctg3161.1/evm.model.ctg3161.10/evm.model.ctg3161.19/evm.model.ctg3169.2/evm.model.ctg3214.2/evm.model.ctg3225.21/evm.model.ctg3287.18/evm.model.ctg3287.24/evm.model.ctg3560.24/evm.model.ctg3560.32/evm.model.ctg3560.41/evm.model.ctg3586.4/evm.model.ctg3587.87/evm.model.ctg3704.10/evm.model.ctg3978.14/evm.model.ctg3978.2/evm.model.ctg3978.20/evm.model.ctg3978.31/evm.model.ctg4129.10/evm.model.ctg4129.12/evm.model.ctg4129.30/evm.model.ctg439.4/evm.model.ctg439.9/evm.model.ctg485.3/evm.model.ctg751.3/evm.model.ctg751.7/evm.model.ctg94.15/evm.model.ctg940.3/evm.model.ctg2487.9/evm.model.ctg2704.27/evm.model.ctg3071.10/evm.model.ctg348.3/evm.model.ctg3650.89/evm.model.ctg3656.3/evm.model.ctg3928.70/evm.model.ctg1633.5/evm.model.ctg3202.15/evm.model.ctg3202.16/evm.model.ctg4008.7/evm.model.ctg3638.53/evm.model.ctg2723.7/evm.model.ctg2976.22/evm.model.ctg801.2/evm.model.ctg1453.5/evm.model.ctg2970.11/evm.model.ctg3886.55/evm.model.ctg3891.56/evm.model.ctg2583.21/evm.model.ctg3082.1/evm.model.ctg2628.14/evm.model.ctg3191.11/evm.model.ctg2475.70/evm.model.ctg2790.14/evm.model.ctg4021.23/evm.model.ctg2824.20/evm.model.ctg819.1/evm.model.ctg2847.26/evm.model.ctg2852.5/evm.model.ctg2916.19/evm.model.ctg3577.4/evm.model.ctg3883.2/evm.model.ctg94.10/evm.model.ctg2857.43/evm.model.ctg4129.6/evm.model.ctg3280.535/evm.model.ctg3459.9",82
"GO:0032549","ribonucleoside binding","82/2320","452/20112",2.00876659009227e-05,0.000373056652445707,0.000300182225399126,"evm.model.ctg2019.75/evm.model.ctg2120.137/evm.model.ctg2120.39/evm.model.ctg2120.48/evm.model.ctg2120.62/evm.model.ctg2120.64/evm.model.ctg2120.74/evm.model.ctg2245.16/evm.model.ctg2245.23/evm.model.ctg2520.14/evm.model.ctg2679.12/evm.model.ctg2844.6/evm.model.ctg2857.24/evm.model.ctg2857.32/evm.model.ctg3142.23/evm.model.ctg3148.4/evm.model.ctg3161.1/evm.model.ctg3161.10/evm.model.ctg3161.19/evm.model.ctg3169.2/evm.model.ctg3214.2/evm.model.ctg3225.21/evm.model.ctg3287.18/evm.model.ctg3287.24/evm.model.ctg3560.24/evm.model.ctg3560.32/evm.model.ctg3560.41/evm.model.ctg3586.4/evm.model.ctg3587.87/evm.model.ctg3704.10/evm.model.ctg3978.14/evm.model.ctg3978.2/evm.model.ctg3978.20/evm.model.ctg3978.31/evm.model.ctg4129.10/evm.model.ctg4129.12/evm.model.ctg4129.30/evm.model.ctg439.4/evm.model.ctg439.9/evm.model.ctg485.3/evm.model.ctg751.3/evm.model.ctg751.7/evm.model.ctg94.15/evm.model.ctg940.3/evm.model.ctg2487.9/evm.model.ctg2704.27/evm.model.ctg3071.10/evm.model.ctg348.3/evm.model.ctg3650.89/evm.model.ctg3656.3/evm.model.ctg3928.70/evm.model.ctg1633.5/evm.model.ctg3202.15/evm.model.ctg3202.16/evm.model.ctg4008.7/evm.model.ctg3638.53/evm.model.ctg2723.7/evm.model.ctg2976.22/evm.model.ctg801.2/evm.model.ctg1453.5/evm.model.ctg2970.11/evm.model.ctg3886.55/evm.model.ctg3891.56/evm.model.ctg2583.21/evm.model.ctg3082.1/evm.model.ctg2628.14/evm.model.ctg3191.11/evm.model.ctg2475.70/evm.model.ctg2790.14/evm.model.ctg4021.23/evm.model.ctg2824.20/evm.model.ctg819.1/evm.model.ctg2847.26/evm.model.ctg2852.5/evm.model.ctg2916.19/evm.model.ctg3577.4/evm.model.ctg3883.2/evm.model.ctg94.10/evm.model.ctg2857.43/evm.model.ctg4129.6/evm.model.ctg3280.535/evm.model.ctg3459.9",82
"GO:0030343","vitamin D3 25-hydroxylase activity","8/2320","13/20112",2.33202144239374e-05,0.000408159223491343,0.000328427715258723,"evm.model.ctg2747.3/evm.model.ctg2747.4/evm.model.ctg3686.2/evm.model.ctg3686.3/evm.model.ctg4001.18/evm.model.ctg4001.19/evm.model.ctg4010.16/evm.model.ctg4010.17",8
"GO:0070643","vitamin D 25-hydroxylase activity","8/2320","13/20112",2.33202144239374e-05,0.000408159223491343,0.000328427715258723,"evm.model.ctg2747.3/evm.model.ctg2747.4/evm.model.ctg3686.2/evm.model.ctg3686.3/evm.model.ctg4001.18/evm.model.ctg4001.19/evm.model.ctg4010.16/evm.model.ctg4010.17",8
"GO:0003997","acyl-CoA oxidase activity","7/2320","10/20112",2.3547647509116e-05,0.000408159223491343,0.000328427715258723,"evm.model.ctg2272.11/evm.model.ctg2868.14/evm.model.ctg2868.18/evm.model.ctg3500.10/evm.model.ctg3500.6/evm.model.ctg2740.5/evm.model.ctg3409.12",7
"GO:0016435","rRNA (guanine) methyltransferase activity","7/2320","10/20112",2.3547647509116e-05,0.000408159223491343,0.000328427715258723,"evm.model.ctg1245.68/evm.model.ctg1245.69/evm.model.ctg1245.70/evm.model.ctg1245.71/evm.model.ctg236.86/evm.model.ctg2620.61/evm.model.ctg42.7",7
"GO:0000992","RNA polymerase III cis-regulatory region sequence-specific DNA binding","10/2320","20/20112",2.52632254017756e-05,0.000426491597966165,0.00034317896799909,"evm.model.ctg3203.13/evm.model.ctg3685.61/evm.model.ctg4001.16/evm.model.ctg4001.17/evm.model.ctg4010.11/evm.model.ctg4010.12/evm.model.ctg4010.13/evm.model.ctg4010.14/evm.model.ctg507.4/evm.model.ctg507.5",10
"GO:0016712","oxidoreductase activity, acting on paired donors, with incorporation or reduction of molecular oxygen, reduced flavin or flavoprotein as one donor, and incorporation of one atom of oxygen","13/2320","32/20112",2.569070142907e-05,0.000426491597966165,0.00034317896799909,"evm.model.ctg1147.2/evm.model.ctg2642.51/evm.model.ctg2783.3/evm.model.ctg2828.2/evm.model.ctg3729.2/evm.model.ctg2493.436/evm.model.ctg2745.14/evm.model.ctg3187.6/evm.model.ctg3187.8/evm.model.ctg3709.38/evm.model.ctg3799.34/evm.model.ctg2642.52/evm.model.ctg396.1",13
"GO:0001883","purine nucleoside binding","83/2320","462/20112",2.58355487229504e-05,0.000426491597966165,0.00034317896799909,"evm.model.ctg2019.75/evm.model.ctg2120.137/evm.model.ctg2120.39/evm.model.ctg2120.48/evm.model.ctg2120.62/evm.model.ctg2120.64/evm.model.ctg2120.74/evm.model.ctg2245.16/evm.model.ctg2245.23/evm.model.ctg2520.14/evm.model.ctg2679.12/evm.model.ctg2844.6/evm.model.ctg2857.24/evm.model.ctg2857.32/evm.model.ctg3142.23/evm.model.ctg3148.4/evm.model.ctg3161.1/evm.model.ctg3161.10/evm.model.ctg3161.19/evm.model.ctg3169.2/evm.model.ctg3214.2/evm.model.ctg3225.21/evm.model.ctg3287.18/evm.model.ctg3287.24/evm.model.ctg3560.24/evm.model.ctg3560.32/evm.model.ctg3560.41/evm.model.ctg3586.4/evm.model.ctg3587.87/evm.model.ctg3704.10/evm.model.ctg3978.14/evm.model.ctg3978.2/evm.model.ctg3978.20/evm.model.ctg3978.31/evm.model.ctg4129.10/evm.model.ctg4129.12/evm.model.ctg4129.30/evm.model.ctg439.4/evm.model.ctg439.9/evm.model.ctg485.3/evm.model.ctg751.3/evm.model.ctg751.7/evm.model.ctg94.15/evm.model.ctg940.3/evm.model.ctg2487.9/evm.model.ctg2704.27/evm.model.ctg3071.10/evm.model.ctg348.3/evm.model.ctg3650.89/evm.model.ctg3656.3/evm.model.ctg3928.70/evm.model.ctg1633.5/evm.model.ctg3202.15/evm.model.ctg3202.16/evm.model.ctg4008.7/evm.model.ctg3638.53/evm.model.ctg2723.7/evm.model.ctg2976.22/evm.model.ctg801.2/evm.model.ctg1453.5/evm.model.ctg2970.11/evm.model.ctg3886.55/evm.model.ctg3891.56/evm.model.ctg2583.21/evm.model.ctg3082.1/evm.model.ctg2628.14/evm.model.ctg3191.11/evm.model.ctg2475.70/evm.model.ctg2790.14/evm.model.ctg4021.23/evm.model.ctg2824.20/evm.model.ctg819.1/evm.model.ctg2847.26/evm.model.ctg2852.5/evm.model.ctg2916.19/evm.model.ctg3577.4/evm.model.ctg3883.2/evm.model.ctg94.10/evm.model.ctg2857.43/evm.model.ctg4129.6/evm.model.ctg3280.535/evm.model.ctg800.476/evm.model.ctg3459.9",83
"GO:0015035","protein-disulfide reductase activity","15/2320","41/20112",2.74789841903786e-05,0.000446533493093652,0.000359305796568272,"evm.model.ctg2738.3/evm.model.ctg3184.12/evm.model.ctg3572.9/evm.model.ctg3647.4/evm.model.ctg902.27/evm.model.ctg1633.5/evm.model.ctg3202.15/evm.model.ctg3202.16/evm.model.ctg4008.7/evm.model.ctg2518.3/evm.model.ctg2532.7/evm.model.ctg2949.58/evm.model.ctg2583.72/evm.model.ctg3878.149/evm.model.ctg2571.137",15
"GO:0101005","deubiquitinase activity","34/2320","144/20112",3.29140653726347e-05,0.000526625045962156,0.000423751934756998,"evm.model.ctg3100.18/evm.model.ctg1886.4/evm.model.ctg1886.5/evm.model.ctg2943.16/evm.model.ctg2994.14/evm.model.ctg3009.10/evm.model.ctg3009.9/evm.model.ctg3034.15/evm.model.ctg3034.16/evm.model.ctg3401.20/evm.model.ctg3401.21/evm.model.ctg3508.8/evm.model.ctg3529.52/evm.model.ctg4059.7/evm.model.ctg1126.12/evm.model.ctg252.2/evm.model.ctg2556.1/evm.model.ctg3513.10/evm.model.ctg4010.19/evm.model.ctg1170.3/evm.model.ctg2648.2/evm.model.ctg2748.56/evm.model.ctg3453.57/evm.model.ctg2741.3/evm.model.ctg3526.6/evm.model.ctg3637.10/evm.model.ctg2704.123/evm.model.ctg3654.5/evm.model.ctg3656.88/evm.model.ctg2683.299/evm.model.ctg3461.46/evm.model.ctg2855.4/evm.model.ctg973.13/evm.model.ctg365.8",34
"GO:0032561","guanyl ribonucleotide binding","83/2320","466/20112",3.54986680499896e-05,0.000559372951090745,0.000450102728863504,"evm.model.ctg2019.75/evm.model.ctg2120.137/evm.model.ctg2120.39/evm.model.ctg2120.48/evm.model.ctg2120.62/evm.model.ctg2120.64/evm.model.ctg2120.74/evm.model.ctg2245.16/evm.model.ctg2245.23/evm.model.ctg2520.14/evm.model.ctg2679.12/evm.model.ctg2844.6/evm.model.ctg2857.24/evm.model.ctg2857.32/evm.model.ctg3142.23/evm.model.ctg3148.4/evm.model.ctg3161.1/evm.model.ctg3161.10/evm.model.ctg3161.19/evm.model.ctg3169.2/evm.model.ctg3214.2/evm.model.ctg3225.21/evm.model.ctg3287.18/evm.model.ctg3287.24/evm.model.ctg3560.24/evm.model.ctg3560.32/evm.model.ctg3560.41/evm.model.ctg3586.4/evm.model.ctg3587.87/evm.model.ctg3704.10/evm.model.ctg3978.14/evm.model.ctg3978.2/evm.model.ctg3978.20/evm.model.ctg3978.31/evm.model.ctg4129.10/evm.model.ctg4129.12/evm.model.ctg4129.30/evm.model.ctg439.4/evm.model.ctg439.9/evm.model.ctg485.3/evm.model.ctg751.3/evm.model.ctg751.7/evm.model.ctg94.15/evm.model.ctg940.3/evm.model.ctg2487.9/evm.model.ctg2704.27/evm.model.ctg3071.10/evm.model.ctg348.3/evm.model.ctg3650.89/evm.model.ctg3656.3/evm.model.ctg3928.70/evm.model.ctg1633.5/evm.model.ctg3202.15/evm.model.ctg3202.16/evm.model.ctg4008.7/evm.model.ctg3638.53/evm.model.ctg2723.7/evm.model.ctg2976.22/evm.model.ctg801.2/evm.model.ctg1453.5/evm.model.ctg2970.11/evm.model.ctg3886.55/evm.model.ctg3891.56/evm.model.ctg2583.21/evm.model.ctg3082.1/evm.model.ctg2628.14/evm.model.ctg3191.11/evm.model.ctg2475.70/evm.model.ctg2790.14/evm.model.ctg4021.23/evm.model.ctg2824.20/evm.model.ctg819.1/evm.model.ctg2480.325/evm.model.ctg2847.26/evm.model.ctg2852.5/evm.model.ctg2916.19/evm.model.ctg3577.4/evm.model.ctg3883.2/evm.model.ctg94.10/evm.model.ctg2857.43/evm.model.ctg4129.6/evm.model.ctg3280.535/evm.model.ctg3459.9",83
"GO:0061134","peptidase regulator activity","59/2320","303/20112",3.65503205572478e-05,0.000567348259396086,0.000456520107510008,"evm.model.ctg1556.77/evm.model.ctg2747.14/evm.model.ctg2771.2/evm.model.ctg2778.10/evm.model.ctg3132.9/evm.model.ctg3685.44/evm.model.ctg3702.15/evm.model.ctg3774.2/evm.model.ctg4000.17/evm.model.ctg4001.22/evm.model.ctg4001.28/evm.model.ctg4004.5/evm.model.ctg4010.22/evm.model.ctg4010.24/evm.model.ctg78.3/evm.model.ctg3117.1/evm.model.ctg2786.3/evm.model.ctg2792.12/evm.model.ctg2792.13/evm.model.ctg3035.19/evm.model.ctg3591.31/evm.model.ctg3742.6/evm.model.ctg3743.1/evm.model.ctg3018.78/evm.model.ctg3195.40/evm.model.ctg3324.600/evm.model.ctg3669.17/evm.model.ctg2620.19/evm.model.ctg3636.19/evm.model.ctg3953.24/evm.model.ctg3560.55/evm.model.ctg4020.2/evm.model.ctg2741.3/evm.model.ctg3526.6/evm.model.ctg3637.10/evm.model.ctg2517.4/evm.model.ctg2539.5/evm.model.ctg3782.33/evm.model.ctg3787.2/evm.model.ctg3930.29/evm.model.ctg2704.123/evm.model.ctg3654.5/evm.model.ctg3656.88/evm.model.ctg3212.8/evm.model.ctg3711.23/evm.model.ctg64.1/evm.model.ctg3140.11/evm.model.ctg3735.23/evm.model.ctg2168.5/evm.model.ctg3572.2/evm.model.ctg3598.7/evm.model.ctg3600.346/evm.model.ctg396.30/evm.model.ctg2992.31/evm.model.ctg3099.38/evm.model.ctg2340.21/evm.model.ctg3621.32/evm.model.ctg629.37/evm.model.ctg423.33",59
"GO:0016799","hydrolase activity, hydrolyzing N-glycosyl compounds","13/2320","33/20112",3.79274593082857e-05,0.000580067024714957,0.000466754336688655,"evm.model.ctg1277.3/evm.model.ctg2395.1/evm.model.ctg2395.2/evm.model.ctg3140.3/evm.model.ctg3140.4/evm.model.ctg3735.15/evm.model.ctg3735.16/evm.model.ctg2757.10/evm.model.ctg3377.21/evm.model.ctg3710.7/evm.model.ctg2480.133/evm.model.ctg3537.10/evm.model.ctg3941.2",13
"GO:0016854","racemase and epimerase activity","12/2320","29/20112",4.23032893077406e-05,0.000637614795363047,0.000513060488171683,"evm.model.ctg3711.10/evm.model.ctg400.31/evm.model.ctg4119.3/evm.model.ctg4119.4/evm.model.ctg47.1/evm.model.ctg47.2/evm.model.ctg1010.17/evm.model.ctg3208.14/evm.model.ctg3235.12/evm.model.ctg3235.13/evm.model.ctg3671.7/evm.model.ctg1010.15",12
"GO:0008390","testosterone 16-alpha-hydroxylase activity","8/2320","14/20112",4.88912484195382e-05,0.000726384262233139,0.000584489360805006,"evm.model.ctg2747.3/evm.model.ctg2747.4/evm.model.ctg3686.2/evm.model.ctg3686.3/evm.model.ctg4001.18/evm.model.ctg4001.19/evm.model.ctg4010.16/evm.model.ctg4010.17",8
"GO:0003887","DNA-directed DNA polymerase activity","15/2320","43/20112",5.24579262737514e-05,0.000768397793305655,0.000618295795220643,"evm.model.ctg1707.22/evm.model.ctg2748.214/evm.model.ctg555.1/evm.model.ctg935.2/evm.model.ctg935.3/evm.model.ctg1220.2/evm.model.ctg3129.56/evm.model.ctg3528.44/evm.model.ctg3985.20/evm.model.ctg3071.9/evm.model.ctg3928.69/evm.model.ctg1345.20/evm.model.ctg3196.4/evm.model.ctg3985.19/evm.model.ctg874.2",15
"GO:0045504","dynein heavy chain binding","13/2320","34/20112",5.49472900577079e-05,0.000791485011296416,0.000636873060709161,"evm.model.ctg3200.2/evm.model.ctg1176.1/evm.model.ctg127.1/evm.model.ctg2512.27/evm.model.ctg3200.6/evm.model.ctg3456.1/evm.model.ctg3986.6/evm.model.ctg422.1/evm.model.ctg532.2/evm.model.ctg656.1/evm.model.ctg3452.11/evm.model.ctg3452.17/evm.model.ctg3508.17",13
"GO:0019825","oxygen binding","16/2320","48/20112",5.62442157746939e-05,0.000791485011296416,0.000636873060709161,"evm.model.ctg2747.3/evm.model.ctg2747.4/evm.model.ctg3686.2/evm.model.ctg3686.3/evm.model.ctg4001.18/evm.model.ctg4001.19/evm.model.ctg4010.16/evm.model.ctg4010.17/evm.model.ctg1147.2/evm.model.ctg2783.3/evm.model.ctg2828.2/evm.model.ctg3729.2/evm.model.ctg2493.436/evm.model.ctg3744.47/evm.model.ctg498.51/evm.model.ctg396.1",16
"GO:0016853","isomerase activity","38/2320","172/20112",5.63172027268604e-05,0.000791485011296416,0.000636873060709161,"evm.model.ctg1177.10/evm.model.ctg2718.3/evm.model.ctg3147.5/evm.model.ctg3449.88/evm.model.ctg3512.1/evm.model.ctg3632.2/evm.model.ctg3948.4/evm.model.ctg2738.3/evm.model.ctg3184.12/evm.model.ctg3572.9/evm.model.ctg3647.4/evm.model.ctg902.27/evm.model.ctg3711.10/evm.model.ctg400.31/evm.model.ctg4119.3/evm.model.ctg4119.4/evm.model.ctg47.1/evm.model.ctg47.2/evm.model.ctg1010.17/evm.model.ctg3208.14/evm.model.ctg3235.12/evm.model.ctg3235.13/evm.model.ctg3671.7/evm.model.ctg3112.1/evm.model.ctg3241.2/evm.model.ctg3241.3/evm.model.ctg3751.37/evm.model.ctg2576.5/evm.model.ctg2956.17/evm.model.ctg3060.7/evm.model.ctg3350.12/evm.model.ctg3785.2/evm.model.ctg2340.82/evm.model.ctg2675.5/evm.model.ctg397.498/evm.model.ctg1010.15/evm.model.ctg2492.6/evm.model.ctg397.500",38
"GO:0050431","transforming growth factor beta binding","14/2320","39/20112",6.46648935822093e-05,0.000896686524339969,0.000721524075759388,"evm.model.ctg1217.44/evm.model.ctg2534.4/evm.model.ctg3185.13/evm.model.ctg3631.82/evm.model.ctg3693.2/evm.model.ctg4004.18/evm.model.ctg2002.2/evm.model.ctg2889.2/evm.model.ctg2895.5/evm.model.ctg3280.656/evm.model.ctg3469.13/evm.model.ctg3863.6/evm.model.ctg800.535/evm.model.ctg2296.1",14
"GO:0001882","nucleoside binding","83/2320","474/20112",6.55669903945205e-05,0.000897232500135543,0.000721963398388418,"evm.model.ctg2019.75/evm.model.ctg2120.137/evm.model.ctg2120.39/evm.model.ctg2120.48/evm.model.ctg2120.62/evm.model.ctg2120.64/evm.model.ctg2120.74/evm.model.ctg2245.16/evm.model.ctg2245.23/evm.model.ctg2520.14/evm.model.ctg2679.12/evm.model.ctg2844.6/evm.model.ctg2857.24/evm.model.ctg2857.32/evm.model.ctg3142.23/evm.model.ctg3148.4/evm.model.ctg3161.1/evm.model.ctg3161.10/evm.model.ctg3161.19/evm.model.ctg3169.2/evm.model.ctg3214.2/evm.model.ctg3225.21/evm.model.ctg3287.18/evm.model.ctg3287.24/evm.model.ctg3560.24/evm.model.ctg3560.32/evm.model.ctg3560.41/evm.model.ctg3586.4/evm.model.ctg3587.87/evm.model.ctg3704.10/evm.model.ctg3978.14/evm.model.ctg3978.2/evm.model.ctg3978.20/evm.model.ctg3978.31/evm.model.ctg4129.10/evm.model.ctg4129.12/evm.model.ctg4129.30/evm.model.ctg439.4/evm.model.ctg439.9/evm.model.ctg485.3/evm.model.ctg751.3/evm.model.ctg751.7/evm.model.ctg94.15/evm.model.ctg940.3/evm.model.ctg2487.9/evm.model.ctg2704.27/evm.model.ctg3071.10/evm.model.ctg348.3/evm.model.ctg3650.89/evm.model.ctg3656.3/evm.model.ctg3928.70/evm.model.ctg1633.5/evm.model.ctg3202.15/evm.model.ctg3202.16/evm.model.ctg4008.7/evm.model.ctg3638.53/evm.model.ctg2723.7/evm.model.ctg2976.22/evm.model.ctg801.2/evm.model.ctg1453.5/evm.model.ctg2970.11/evm.model.ctg3886.55/evm.model.ctg3891.56/evm.model.ctg2583.21/evm.model.ctg3082.1/evm.model.ctg2628.14/evm.model.ctg3191.11/evm.model.ctg2475.70/evm.model.ctg2790.14/evm.model.ctg4021.23/evm.model.ctg2824.20/evm.model.ctg819.1/evm.model.ctg2847.26/evm.model.ctg2852.5/evm.model.ctg2916.19/evm.model.ctg3577.4/evm.model.ctg3883.2/evm.model.ctg94.10/evm.model.ctg2857.43/evm.model.ctg4129.6/evm.model.ctg3280.535/evm.model.ctg800.476/evm.model.ctg3459.9",83
"GO:0030547","signaling receptor inhibitor activity","11/2320","26/20112",6.93205961604567e-05,0.000936278181907467,0.000753381735441737,"evm.model.ctg1217.44/evm.model.ctg2534.4/evm.model.ctg3185.13/evm.model.ctg3631.82/evm.model.ctg3693.2/evm.model.ctg4004.18/evm.model.ctg2534.13/evm.model.ctg3185.5/evm.model.ctg3687.14/evm.model.ctg4004.10/evm.model.ctg4004.9",11
"GO:0030291","protein serine/threonine kinase inhibitor activity","20/2320","70/20112",8.51540694087099e-05,0.00113538759211613,0.000913596291227049,"evm.model.ctg1046.10/evm.model.ctg2951.24/evm.model.ctg3898.12/evm.model.ctg3898.14/evm.model.ctg3901.8/evm.model.ctg3901.9/evm.model.ctg613.14/evm.model.ctg3048.2/evm.model.ctg3048.3/evm.model.ctg3568.10/evm.model.ctg3568.9/evm.model.ctg134.3/evm.model.ctg2866.52/evm.model.ctg509.1/evm.model.ctg2475.52/evm.model.ctg2773.21/evm.model.ctg4021.45/evm.model.ctg3638.245/evm.model.ctg3639.3/evm.model.ctg2607.117",20
"GO:0030548","acetylcholine receptor regulator activity","8/2320","15/20112",9.41501210084285e-05,0.00117971235962368,0.000949262475608125,"evm.model.ctg2534.13/evm.model.ctg3185.5/evm.model.ctg3687.14/evm.model.ctg4004.10/evm.model.ctg4004.9/evm.model.ctg3544.520/evm.model.ctg3548.3/evm.model.ctg800.535",8
"GO:0033695","oxidoreductase activity, acting on CH or CH2 groups, quinone or similar compound as acceptor","8/2320","15/20112",9.41501210084285e-05,0.00117971235962368,0.000949262475608125,"evm.model.ctg2747.3/evm.model.ctg2747.4/evm.model.ctg3686.2/evm.model.ctg3686.3/evm.model.ctg4001.18/evm.model.ctg4001.19/evm.model.ctg4010.16/evm.model.ctg4010.17",8
"GO:0034875","caffeine oxidase activity","8/2320","15/20112",9.41501210084285e-05,0.00117971235962368,0.000949262475608125,"evm.model.ctg2747.3/evm.model.ctg2747.4/evm.model.ctg3686.2/evm.model.ctg3686.3/evm.model.ctg4001.18/evm.model.ctg4001.19/evm.model.ctg4010.16/evm.model.ctg4010.17",8
"GO:0099602","neurotransmitter receptor regulator activity","8/2320","15/20112",9.41501210084285e-05,0.00117971235962368,0.000949262475608125,"evm.model.ctg2534.13/evm.model.ctg3185.5/evm.model.ctg3687.14/evm.model.ctg4004.10/evm.model.ctg4004.9/evm.model.ctg3544.520/evm.model.ctg3548.3/evm.model.ctg800.535",8
"GO:0101020","estrogen 16-alpha-hydroxylase activity","8/2320","15/20112",9.41501210084285e-05,0.00117971235962368,0.000949262475608125,"evm.model.ctg2747.3/evm.model.ctg2747.4/evm.model.ctg3686.2/evm.model.ctg3686.3/evm.model.ctg4001.18/evm.model.ctg4001.19/evm.model.ctg4010.16/evm.model.ctg4010.17",8
"GO:0016859","cis-trans isomerase activity","16/2320","50/20112",9.81000450515237e-05,0.0012145719863522,0.000977312478896759,"evm.model.ctg1177.10/evm.model.ctg2718.3/evm.model.ctg3147.5/evm.model.ctg3449.88/evm.model.ctg3512.1/evm.model.ctg3632.2/evm.model.ctg3948.4/evm.model.ctg2576.5/evm.model.ctg2956.17/evm.model.ctg3060.7/evm.model.ctg3350.12/evm.model.ctg3785.2/evm.model.ctg2340.82/evm.model.ctg2675.5/evm.model.ctg397.498/evm.model.ctg397.500",16
"GO:0016634","oxidoreductase activity, acting on the CH-CH group of donors, oxygen as acceptor","7/2320","12/20112",0.000125874781375466,0.001522206658494,0.00122485252378819,"evm.model.ctg2272.11/evm.model.ctg2868.14/evm.model.ctg2868.18/evm.model.ctg3500.10/evm.model.ctg3500.6/evm.model.ctg2740.5/evm.model.ctg3409.12",7
"GO:0062105","RNA 2'-O-methyltransferase activity","7/2320","12/20112",0.000125874781375466,0.001522206658494,0.00122485252378819,"evm.model.ctg1245.68/evm.model.ctg1245.69/evm.model.ctg1245.70/evm.model.ctg1245.71/evm.model.ctg236.86/evm.model.ctg2620.61/evm.model.ctg42.7",7
"GO:0003735","structural constituent of ribosome","42/2320","204/20112",0.000130029724849377,0.00155437832003853,0.00125073964011198,"evm.model.ctg1605.7/evm.model.ctg2702.6/evm.model.ctg3273.6/evm.model.ctg65.19/evm.model.ctg172.2/evm.model.ctg2573.3/evm.model.ctg3172.11/evm.model.ctg3650.44/evm.model.ctg4111.2/evm.model.ctg3843.3/evm.model.ctg4050.26/evm.model.ctg4051.4/evm.model.ctg270.8/evm.model.ctg671.2/evm.model.ctg2943.18/evm.model.ctg4059.5/evm.model.ctg643.16/evm.model.ctg3128.7/evm.model.ctg3947.6/evm.model.ctg3982.8/evm.model.ctg2899.2/evm.model.ctg324.8/evm.model.ctg3645.2/evm.model.ctg3208.4/evm.model.ctg3251.4/evm.model.ctg3671.12/evm.model.ctg3077.7/evm.model.ctg3448.326/evm.model.ctg2379.11/evm.model.ctg3186.15/evm.model.ctg3191.33/evm.model.ctg156.1/evm.model.ctg2685.1/evm.model.ctg3802.25/evm.model.ctg2332.1/evm.model.ctg3273.18/evm.model.ctg2683.104/evm.model.ctg3360.14/evm.model.ctg1714.2/evm.model.ctg2748.202/evm.model.ctg3455.135/evm.model.ctg65.9",42
"GO:0019001","guanyl nucleotide binding","83/2320","485/20112",0.000145589021951171,0.0017205975321502,0.00138448890491843,"evm.model.ctg2019.75/evm.model.ctg2120.137/evm.model.ctg2120.39/evm.model.ctg2120.48/evm.model.ctg2120.62/evm.model.ctg2120.64/evm.model.ctg2120.74/evm.model.ctg2245.16/evm.model.ctg2245.23/evm.model.ctg2520.14/evm.model.ctg2679.12/evm.model.ctg2844.6/evm.model.ctg2857.24/evm.model.ctg2857.32/evm.model.ctg3142.23/evm.model.ctg3148.4/evm.model.ctg3161.1/evm.model.ctg3161.10/evm.model.ctg3161.19/evm.model.ctg3169.2/evm.model.ctg3214.2/evm.model.ctg3225.21/evm.model.ctg3287.18/evm.model.ctg3287.24/evm.model.ctg3560.24/evm.model.ctg3560.32/evm.model.ctg3560.41/evm.model.ctg3586.4/evm.model.ctg3587.87/evm.model.ctg3704.10/evm.model.ctg3978.14/evm.model.ctg3978.2/evm.model.ctg3978.20/evm.model.ctg3978.31/evm.model.ctg4129.10/evm.model.ctg4129.12/evm.model.ctg4129.30/evm.model.ctg439.4/evm.model.ctg439.9/evm.model.ctg485.3/evm.model.ctg751.3/evm.model.ctg751.7/evm.model.ctg94.15/evm.model.ctg940.3/evm.model.ctg2487.9/evm.model.ctg2704.27/evm.model.ctg3071.10/evm.model.ctg348.3/evm.model.ctg3650.89/evm.model.ctg3656.3/evm.model.ctg3928.70/evm.model.ctg1633.5/evm.model.ctg3202.15/evm.model.ctg3202.16/evm.model.ctg4008.7/evm.model.ctg3638.53/evm.model.ctg2723.7/evm.model.ctg2976.22/evm.model.ctg801.2/evm.model.ctg1453.5/evm.model.ctg2970.11/evm.model.ctg3886.55/evm.model.ctg3891.56/evm.model.ctg2583.21/evm.model.ctg3082.1/evm.model.ctg2628.14/evm.model.ctg3191.11/evm.model.ctg2475.70/evm.model.ctg2790.14/evm.model.ctg4021.23/evm.model.ctg2824.20/evm.model.ctg819.1/evm.model.ctg2480.325/evm.model.ctg2847.26/evm.model.ctg2852.5/evm.model.ctg2916.19/evm.model.ctg3577.4/evm.model.ctg3883.2/evm.model.ctg94.10/evm.model.ctg2857.43/evm.model.ctg4129.6/evm.model.ctg3280.535/evm.model.ctg3459.9",83
"GO:0005154","epidermal growth factor receptor binding","20/2320","74/20112",0.000196839507407461,0.00230014705285122,0.0018508268289643,"evm.model.ctg2775.8/evm.model.ctg2775.9/evm.model.ctg2778.4/evm.model.ctg2778.5/evm.model.ctg2778.6/evm.model.ctg2778.9/evm.model.ctg2779.1/evm.model.ctg2779.2/evm.model.ctg2779.5/evm.model.ctg2804.1/evm.model.ctg319.1/evm.model.ctg3684.16/evm.model.ctg3684.18/evm.model.ctg3684.19/evm.model.ctg3684.21/evm.model.ctg3684.22/evm.model.ctg3684.23/evm.model.ctg3684.24/evm.model.ctg3684.25/evm.model.ctg3684.26",20
"GO:0000993","RNA polymerase II complex binding","16/2320","53/20112",0.00021125512367106,0.0024143442705264,0.00194271629055515,"evm.model.ctg346.65/evm.model.ctg346.67/evm.model.ctg3698.10/evm.model.ctg3698.8/evm.model.ctg2576.5/evm.model.ctg2956.17/evm.model.ctg3060.7/evm.model.ctg3350.12/evm.model.ctg3785.2/evm.model.ctg2868.9/evm.model.ctg3500.1/evm.model.ctg3600.35/evm.model.ctg874.1/evm.model.ctg3075.59/evm.model.ctg4025.29/evm.model.ctg4120.15",16
"GO:0015036","disulfide oxidoreductase activity","16/2320","53/20112",0.00021125512367106,0.0024143442705264,0.00194271629055515,"evm.model.ctg2738.3/evm.model.ctg3184.12/evm.model.ctg3572.9/evm.model.ctg3647.4/evm.model.ctg902.27/evm.model.ctg1633.5/evm.model.ctg3202.15/evm.model.ctg3202.16/evm.model.ctg4008.7/evm.model.ctg2518.3/evm.model.ctg2532.7/evm.model.ctg2949.58/evm.model.ctg2562.33/evm.model.ctg2583.72/evm.model.ctg3878.149/evm.model.ctg2571.137",16
"GO:0034061","DNA polymerase activity","15/2320","48/20112",0.000216344624467965,0.00244563488529003,0.00196789446741455,"evm.model.ctg1707.22/evm.model.ctg2748.214/evm.model.ctg555.1/evm.model.ctg935.2/evm.model.ctg935.3/evm.model.ctg1220.2/evm.model.ctg3129.56/evm.model.ctg3528.44/evm.model.ctg3985.20/evm.model.ctg3071.9/evm.model.ctg3928.69/evm.model.ctg1345.20/evm.model.ctg3196.4/evm.model.ctg3985.19/evm.model.ctg874.2",15
"GO:0004860","protein kinase inhibitor activity","39/2320","190/20112",0.000236727233878912,0.00264727229283944,0.00213014319110056,"evm.model.ctg2683.274/evm.model.ctg3379.25/evm.model.ctg3379.30/evm.model.ctg3461.19/evm.model.ctg397.23/evm.model.ctg397.29/evm.model.ctg1046.10/evm.model.ctg2951.24/evm.model.ctg3898.12/evm.model.ctg3898.14/evm.model.ctg3901.8/evm.model.ctg3901.9/evm.model.ctg613.14/evm.model.ctg2493.349/evm.model.ctg2493.350/evm.model.ctg4120.16/evm.model.ctg434.25/evm.model.ctg3048.2/evm.model.ctg3048.3/evm.model.ctg3568.10/evm.model.ctg3568.9/evm.model.ctg134.3/evm.model.ctg2866.52/evm.model.ctg509.1/evm.model.ctg2475.52/evm.model.ctg2773.21/evm.model.ctg4021.45/evm.model.ctg3136.3/evm.model.ctg3224.22/evm.model.ctg3672.8/evm.model.ctg3963.3/evm.model.ctg3638.245/evm.model.ctg3639.3/evm.model.ctg305.3/evm.model.ctg3732.8/evm.model.ctg2564.163/evm.model.ctg245.8/evm.model.ctg3606.7/evm.model.ctg2607.117",39
"GO:0070063","RNA polymerase binding","23/2320","92/20112",0.000241903627435325,0.00267638055885891,0.00215356532823162,"evm.model.ctg346.65/evm.model.ctg346.67/evm.model.ctg3698.10/evm.model.ctg3698.8/evm.model.ctg2812.5/evm.model.ctg3674.22/evm.model.ctg3790.1/evm.model.ctg2576.5/evm.model.ctg2956.17/evm.model.ctg3060.7/evm.model.ctg3350.12/evm.model.ctg3785.2/evm.model.ctg2868.9/evm.model.ctg3500.1/evm.model.ctg3600.35/evm.model.ctg874.1/evm.model.ctg3572.13/evm.model.ctg902.23/evm.model.ctg3075.59/evm.model.ctg4025.29/evm.model.ctg4120.15/evm.model.ctg3715.2/evm.model.ctg345.2",23
"GO:0034062","5'-3' RNA polymerase activity","13/2320","39/20112",0.000276289010879542,0.00299313095119504,0.00240844039089075,"evm.model.ctg1126.12/evm.model.ctg252.2/evm.model.ctg2556.1/evm.model.ctg3513.10/evm.model.ctg4010.19/evm.model.ctg1525.2/evm.model.ctg2704.97/evm.model.ctg3653.32/evm.model.ctg3656.62/evm.model.ctg3018.61/evm.model.ctg3195.22/evm.model.ctg3669.35/evm.model.ctg2686.114",13
"GO:0097747","RNA polymerase activity","13/2320","39/20112",0.000276289010879542,0.00299313095119504,0.00240844039089075,"evm.model.ctg1126.12/evm.model.ctg252.2/evm.model.ctg2556.1/evm.model.ctg3513.10/evm.model.ctg4010.19/evm.model.ctg1525.2/evm.model.ctg2704.97/evm.model.ctg3653.32/evm.model.ctg3656.62/evm.model.ctg3018.61/evm.model.ctg3195.22/evm.model.ctg3669.35/evm.model.ctg2686.114",13
"GO:0008174","mRNA methyltransferase activity","9/2320","21/20112",0.000285316921227659,0.00305906802140995,0.00246149704151914,"evm.model.ctg1126.12/evm.model.ctg252.2/evm.model.ctg2556.1/evm.model.ctg3513.10/evm.model.ctg4010.19/evm.model.ctg2748.353/evm.model.ctg2748.354/evm.model.ctg36.4/evm.model.ctg4133.11",9
"GO:0047757","chondroitin-glucuronate 5-epimerase activity","6/2320","10/20112",0.000325201535612463,0.00345111833711185,0.00277696262955863,"evm.model.ctg3711.10/evm.model.ctg400.31/evm.model.ctg4119.3/evm.model.ctg4119.4/evm.model.ctg47.1/evm.model.ctg47.2",6
"GO:0019783","ubiquitin-like protein peptidase activity","34/2320","161/20112",0.000332974674929908,0.00349791577704146,0.0028146184643198,"evm.model.ctg3100.18/evm.model.ctg1886.4/evm.model.ctg1886.5/evm.model.ctg2943.16/evm.model.ctg2994.14/evm.model.ctg3009.10/evm.model.ctg3009.9/evm.model.ctg3034.15/evm.model.ctg3034.16/evm.model.ctg3401.20/evm.model.ctg3401.21/evm.model.ctg3508.8/evm.model.ctg3529.52/evm.model.ctg4059.7/evm.model.ctg1126.12/evm.model.ctg252.2/evm.model.ctg2556.1/evm.model.ctg3513.10/evm.model.ctg4010.19/evm.model.ctg1170.3/evm.model.ctg2648.2/evm.model.ctg2748.56/evm.model.ctg3453.57/evm.model.ctg2741.3/evm.model.ctg3526.6/evm.model.ctg3637.10/evm.model.ctg2704.123/evm.model.ctg3654.5/evm.model.ctg3656.88/evm.model.ctg2683.299/evm.model.ctg3461.46/evm.model.ctg2855.4/evm.model.ctg973.13/evm.model.ctg365.8",34
"GO:0022841","potassium ion leak channel activity","10/2320","26/20112",0.000378016892376717,0.00393137568071785,0.00316340452041568,"evm.model.ctg2866.26/evm.model.ctg2866.28/evm.model.ctg3448.31/evm.model.ctg1133.2/evm.model.ctg3997.9/evm.model.ctg4078.9/evm.model.ctg2658.10/evm.model.ctg341.19/evm.model.ctg3504.10/evm.model.ctg213.3",10
"GO:0030955","potassium ion binding","11/2320","31/20112",0.000439435174365791,0.00452487704297448,0.00364096887567279,"evm.model.ctg1277.3/evm.model.ctg2395.1/evm.model.ctg2395.2/evm.model.ctg3140.3/evm.model.ctg3140.4/evm.model.ctg3735.15/evm.model.ctg3735.16/evm.model.ctg365.30/evm.model.ctg3926.5/evm.model.ctg2493.69/evm.model.ctg518.239",11
"GO:0004896","cytokine receptor activity","27/2320","121/20112",0.000534815341948574,0.00545301917280899,0.00438780388905177,"evm.model.ctg2972.34/evm.model.ctg2972.35/evm.model.ctg2978.11/evm.model.ctg2990.12/evm.model.ctg2990.13/evm.model.ctg2990.14/evm.model.ctg3913.7/evm.model.ctg3913.8/evm.model.ctg3913.9/evm.model.ctg737.1/evm.model.ctg737.2/evm.model.ctg1757.112/evm.model.ctg23.2/evm.model.ctg2635.11/evm.model.ctg3000.5/evm.model.ctg3563.2/evm.model.ctg1858.2/evm.model.ctg3016.1/evm.model.ctg3770.21/evm.model.ctg3920.8/evm.model.ctg1169.2/evm.model.ctg3527.43/evm.model.ctg3246.3/evm.model.ctg800.486/evm.model.ctg2978.6/evm.model.ctg2990.19/evm.model.ctg3913.3",27
"GO:0019210","kinase inhibitor activity","39/2320","198/20112",0.000562277045728025,0.00567736046171987,0.00456832142415718,"evm.model.ctg2683.274/evm.model.ctg3379.25/evm.model.ctg3379.30/evm.model.ctg3461.19/evm.model.ctg397.23/evm.model.ctg397.29/evm.model.ctg1046.10/evm.model.ctg2951.24/evm.model.ctg3898.12/evm.model.ctg3898.14/evm.model.ctg3901.8/evm.model.ctg3901.9/evm.model.ctg613.14/evm.model.ctg2493.349/evm.model.ctg2493.350/evm.model.ctg4120.16/evm.model.ctg434.25/evm.model.ctg3048.2/evm.model.ctg3048.3/evm.model.ctg3568.10/evm.model.ctg3568.9/evm.model.ctg134.3/evm.model.ctg2866.52/evm.model.ctg509.1/evm.model.ctg2475.52/evm.model.ctg2773.21/evm.model.ctg4021.45/evm.model.ctg3136.3/evm.model.ctg3224.22/evm.model.ctg3672.8/evm.model.ctg3963.3/evm.model.ctg3638.245/evm.model.ctg3639.3/evm.model.ctg305.3/evm.model.ctg3732.8/evm.model.ctg2564.163/evm.model.ctg245.8/evm.model.ctg3606.7/evm.model.ctg2607.117",39
"GO:0003986","acetyl-CoA hydrolase activity","6/2320","11/20112",0.000645517087990275,0.00627418478046622,0.00504855961586098,"evm.model.ctg2120.1/evm.model.ctg2120.6/evm.model.ctg2963.9/evm.model.ctg3050.5/evm.model.ctg3051.5/evm.model.ctg3909.10",6
"GO:0005026","transforming growth factor beta receptor activity, type II","6/2320","11/20112",0.000645517087990275,0.00627418478046622,0.00504855961586098,"evm.model.ctg2002.2/evm.model.ctg2889.2/evm.model.ctg2895.5/evm.model.ctg3280.656/evm.model.ctg3469.13/evm.model.ctg3863.6",6
"GO:0017136","NAD-dependent histone deacetylase activity","6/2320","11/20112",0.000645517087990275,0.00627418478046622,0.00504855961586098,"evm.model.ctg3782.24/evm.model.ctg3787.10/evm.model.ctg3930.13/evm.model.ctg3644.1/evm.model.ctg3779.151/evm.model.ctg3930.14",6
"GO:0019841","retinol binding","6/2320","11/20112",0.000645517087990275,0.00627418478046622,0.00504855961586098,"evm.model.ctg3144.5/evm.model.ctg3144.6/evm.model.ctg3631.13/evm.model.ctg3631.14/evm.model.ctg4108.3/evm.model.ctg4108.4",6
"GO:0016494","C-X-C chemokine receptor activity","7/2320","15/20112",0.000746654213901921,0.00719000354127775,0.00578547855801196,"evm.model.ctg1757.112/evm.model.ctg23.2/evm.model.ctg2635.11/evm.model.ctg3000.5/evm.model.ctg3563.2/evm.model.ctg3246.3/evm.model.ctg800.486",7
"GO:0043175","RNA polymerase core enzyme binding","16/2320","59/20112",0.000798189062076772,0.00761574884917287,0.00612805701932433,"evm.model.ctg346.65/evm.model.ctg346.67/evm.model.ctg3698.10/evm.model.ctg3698.8/evm.model.ctg2576.5/evm.model.ctg2956.17/evm.model.ctg3060.7/evm.model.ctg3350.12/evm.model.ctg3785.2/evm.model.ctg2868.9/evm.model.ctg3500.1/evm.model.ctg3600.35/evm.model.ctg874.1/evm.model.ctg3075.59/evm.model.ctg4025.29/evm.model.ctg4120.15",16
"GO:0050660","flavin adenine dinucleotide binding","23/2320","100/20112",0.000861499715706272,0.00814508822122294,0.00655399305250226,"evm.model.ctg101.4/evm.model.ctg1858.10/evm.model.ctg2165.11/evm.model.ctg2555.1/evm.model.ctg2956.11/evm.model.ctg2956.5/evm.model.ctg3016.12/evm.model.ctg3060.2/evm.model.ctg3350.5/evm.model.ctg3351.1/evm.model.ctg3351.6/evm.model.ctg3770.1/evm.model.ctg3770.11/evm.model.ctg3770.6/evm.model.ctg380.1/evm.model.ctg3920.2/evm.model.ctg2272.11/evm.model.ctg2868.14/evm.model.ctg2868.18/evm.model.ctg3500.10/evm.model.ctg3500.6/evm.model.ctg3757.3/evm.model.ctg4125.23",23
"GO:0016289","CoA hydrolase activity","9/2320","24/20112",0.000919757674053927,0.00861754937852328,0.00693416169628139,"evm.model.ctg2120.1/evm.model.ctg2120.6/evm.model.ctg2963.9/evm.model.ctg3050.5/evm.model.ctg3051.5/evm.model.ctg3909.10/evm.model.ctg2748.128/evm.model.ctg3455.60/evm.model.ctg2566.48",9
"GO:0004520","DNA endonuclease activity","14/2320","49/20112",0.000952876162060781,0.00876983370392224,0.00705669817269046,"evm.model.ctg2704.59/evm.model.ctg28.10/evm.model.ctg28.9/evm.model.ctg3652.9/evm.model.ctg3656.31/evm.model.ctg3186.12/evm.model.ctg3191.30/evm.model.ctg181.16/evm.model.ctg4063.8/evm.model.ctg231.1/evm.model.ctg231.2/evm.model.ctg3194.6/evm.model.ctg734.6/evm.model.ctg1614.1",14
"GO:0016709","oxidoreductase activity, acting on paired donors, with incorporation or reduction of molecular oxygen, NAD(P)H as one donor, and incorporation of one atom of oxygen","14/2320","49/20112",0.000952876162060781,0.00876983370392224,0.00705669817269046,"evm.model.ctg1147.2/evm.model.ctg2642.51/evm.model.ctg2783.3/evm.model.ctg2828.2/evm.model.ctg3729.2/evm.model.ctg305.14/evm.model.ctg3733.8/evm.model.ctg2745.14/evm.model.ctg3187.6/evm.model.ctg3187.8/evm.model.ctg3709.38/evm.model.ctg3799.34/evm.model.ctg2642.52/evm.model.ctg396.1",14
"GO:0035173","histone kinase activity","12/2320","39/20112",0.00106061860332381,0.00959168128223273,0.00771800265118929,"evm.model.ctg1633.11/evm.model.ctg1868.1/evm.model.ctg3202.9/evm.model.ctg3462.26/evm.model.ctg3462.28/evm.model.ctg3932.3/evm.model.ctg4008.3/evm.model.ctg3998.40/evm.model.ctg3872.4/evm.model.ctg2847.1/evm.model.ctg3299.4/evm.model.ctg3640.25",12
"GO:1901338","catecholamine binding","12/2320","39/20112",0.00106061860332381,0.00959168128223273,0.00771800265118929,"evm.model.ctg1633.5/evm.model.ctg3202.15/evm.model.ctg3202.16/evm.model.ctg4008.7/evm.model.ctg3117.13/evm.model.ctg3117.14/evm.model.ctg3143.9/evm.model.ctg3553.12/evm.model.ctg3553.13/evm.model.ctg2704.18/evm.model.ctg3650.79/evm.model.ctg4118.1",12
